employee_id,qualification_id,issued_on,expires_on,revoked_on,revoked_reason,scoped_to,evidence_reference
E101,LOTO,2026-05-26,2027-05-26,,,,cert:E101-LOTO
E102,HOTWORK,2026-06-25,2027-06-25,,,,cert:E102-HW
E102,CONFINED,2026-08-24,2027-08-24,,,Peoria IL - Plant 3081,cert:E102-CS
E103,LOTO,2025-10-08,2026-10-13,,,,cert:E103-LOTO
E104,LOTO,2025-08-19,2026-08-19,,,,cert:E104-LOTO
E201,HOTWORK,2026-07-25,2027-07-25,,,,cert:E201-HW
E201,CONFINED,2026-08-09,2027-08-09,,,Peoria IL - Plant 3081,cert:E201-CS
E202,FORKLIFT,2026-03-07,2029-03-06,,,,cert:E202-FL
E100,PSM,2025-11-27,2027-11-27,,,,cert:E100-PSM
E100,LOTO,2026-06-15,2027-06-15,,,,cert:E100-LOTO
E101,CONFINED,2024-07-15,2025-07-30,,,Peoria IL - Plant 3081,cert:E101-CS-old
